-- --------------------------------------------------------
-- Host:                         127.0.0.1
-- Versi칩n del servidor:         5.7.33 - MySQL Community Server (GPL)
-- SO del servidor:              Win64
-- HeidiSQL Versi칩n:             11.2.0.6213
-- --------------------------------------------------------

/*!40101 SET @OLD_CHARACTER_SET_CLIENT=@@CHARACTER_SET_CLIENT */;
/*!40101 SET NAMES utf8 */;
/*!50503 SET NAMES utf8mb4 */;
/*!40014 SET @OLD_FOREIGN_KEY_CHECKS=@@FOREIGN_KEY_CHECKS, FOREIGN_KEY_CHECKS=0 */;
/*!40101 SET @OLD_SQL_MODE=@@SQL_MODE, SQL_MODE='NO_AUTO_VALUE_ON_ZERO' */;
/*!40111 SET @OLD_SQL_NOTES=@@SQL_NOTES, SQL_NOTES=0 */;

-- Volcando estructura para tabla choho.advisors
CREATE TABLE IF NOT EXISTS `advisors` (
  `id` bigint(20) unsigned NOT NULL AUTO_INCREMENT,
  `code` varchar(15) COLLATE utf8mb4_unicode_ci NOT NULL,
  `name` varchar(40) COLLATE utf8mb4_unicode_ci NOT NULL,
  `created_at` timestamp NULL DEFAULT NULL,
  `updated_at` timestamp NULL DEFAULT NULL,
  PRIMARY KEY (`id`)
) ENGINE=InnoDB AUTO_INCREMENT=4 DEFAULT CHARSET=utf8mb4 COLLATE=utf8mb4_unicode_ci;

-- Volcando datos para la tabla choho.advisors: ~2 rows (aproximadamente)
/*!40000 ALTER TABLE `advisors` DISABLE KEYS */;
INSERT INTO `advisors` (`id`, `code`, `name`, `created_at`, `updated_at`) VALUES
	(1, 'C001', 'Juan', '2022-05-20 15:49:51', '2022-05-20 15:49:52'),
	(2, 'C002', 'Carlos', '2022-05-20 15:50:17', '2022-05-20 15:50:18'),
	(3, 'C003', 'Kelly', '2022-05-20 15:50:44', '2022-05-20 15:50:44');
/*!40000 ALTER TABLE `advisors` ENABLE KEYS */;

-- Volcando estructura para tabla choho.customers
CREATE TABLE IF NOT EXISTS `customers` (
  `id` bigint(20) unsigned NOT NULL AUTO_INCREMENT,
  `name` varchar(40) COLLATE utf8mb4_unicode_ci NOT NULL,
  `advisor_id` bigint(20) unsigned NOT NULL,
  `status` tinyint(1) NOT NULL DEFAULT '1',
  `created_at` timestamp NULL DEFAULT NULL,
  `updated_at` timestamp NULL DEFAULT NULL,
  PRIMARY KEY (`id`),
  KEY `customers_advisor_id_foreign` (`advisor_id`),
  CONSTRAINT `customers_advisor_id_foreign` FOREIGN KEY (`advisor_id`) REFERENCES `advisors` (`id`)
) ENGINE=InnoDB AUTO_INCREMENT=4 DEFAULT CHARSET=utf8mb4 COLLATE=utf8mb4_unicode_ci;

-- Volcando datos para la tabla choho.customers: ~2 rows (aproximadamente)
/*!40000 ALTER TABLE `customers` DISABLE KEYS */;
INSERT INTO `customers` (`id`, `name`, `advisor_id`, `status`, `created_at`, `updated_at`) VALUES
	(1, 'Karla', 1, 1, '2022-05-20 15:50:01', '2022-05-20 15:51:02'),
	(2, 'Pedro', 2, 1, '2022-05-20 15:51:15', '2022-05-20 15:51:16'),
	(3, 'Sebasti치n', 3, 1, '2022-05-20 15:51:42', '2022-05-20 15:51:42');
/*!40000 ALTER TABLE `customers` ENABLE KEYS */;

-- Volcando estructura para tabla choho.failed_jobs
CREATE TABLE IF NOT EXISTS `failed_jobs` (
  `id` bigint(20) unsigned NOT NULL AUTO_INCREMENT,
  `connection` text COLLATE utf8mb4_unicode_ci NOT NULL,
  `queue` text COLLATE utf8mb4_unicode_ci NOT NULL,
  `payload` longtext COLLATE utf8mb4_unicode_ci NOT NULL,
  `exception` longtext COLLATE utf8mb4_unicode_ci NOT NULL,
  `failed_at` timestamp NOT NULL DEFAULT CURRENT_TIMESTAMP,
  PRIMARY KEY (`id`)
) ENGINE=InnoDB DEFAULT CHARSET=utf8mb4 COLLATE=utf8mb4_unicode_ci;

-- Volcando datos para la tabla choho.failed_jobs: ~0 rows (aproximadamente)
/*!40000 ALTER TABLE `failed_jobs` DISABLE KEYS */;
/*!40000 ALTER TABLE `failed_jobs` ENABLE KEYS */;

-- Volcando estructura para tabla choho.migrations
CREATE TABLE IF NOT EXISTS `migrations` (
  `id` int(10) unsigned NOT NULL AUTO_INCREMENT,
  `migration` varchar(255) COLLATE utf8mb4_unicode_ci NOT NULL,
  `batch` int(11) NOT NULL,
  PRIMARY KEY (`id`)
) ENGINE=InnoDB AUTO_INCREMENT=10 DEFAULT CHARSET=utf8mb4 COLLATE=utf8mb4_unicode_ci;

-- Volcando datos para la tabla choho.migrations: ~9 rows (aproximadamente)
/*!40000 ALTER TABLE `migrations` DISABLE KEYS */;
INSERT INTO `migrations` (`id`, `migration`, `batch`) VALUES
	(1, '2014_10_12_000000_create_users_table', 1),
	(2, '2014_10_12_100000_create_password_resets_table', 1),
	(3, '2019_08_19_000000_create_failed_jobs_table', 1),
	(4, '2022_05_20_153107_create_advisors_table', 1),
	(5, '2022_05_20_153114_create_customers_table', 1),
	(6, '2022_05_20_153204_create_product_types_table', 1),
	(7, '2022_05_20_153206_create_products_table', 1),
	(8, '2022_05_20_153211_create_orders_table', 1),
	(9, '2022_05_20_153212_create_order_products_table', 1);
/*!40000 ALTER TABLE `migrations` ENABLE KEYS */;

-- Volcando estructura para tabla choho.orders
CREATE TABLE IF NOT EXISTS `orders` (
  `id` bigint(20) unsigned NOT NULL AUTO_INCREMENT,
  `customer_id` bigint(20) unsigned NOT NULL,
  `date_of_payment` date DEFAULT NULL,
  `status` enum('pending','payment') COLLATE utf8mb4_unicode_ci NOT NULL DEFAULT 'pending',
  `created_at` timestamp NULL DEFAULT NULL,
  `updated_at` timestamp NULL DEFAULT NULL,
  PRIMARY KEY (`id`),
  KEY `orders_customer_id_foreign` (`customer_id`),
  CONSTRAINT `orders_customer_id_foreign` FOREIGN KEY (`customer_id`) REFERENCES `customers` (`id`)
) ENGINE=InnoDB AUTO_INCREMENT=4 DEFAULT CHARSET=utf8mb4 COLLATE=utf8mb4_unicode_ci;

-- Volcando datos para la tabla choho.orders: ~2 rows (aproximadamente)
/*!40000 ALTER TABLE `orders` DISABLE KEYS */;
INSERT INTO `orders` (`id`, `customer_id`, `date_of_payment`, `status`, `created_at`, `updated_at`) VALUES
	(1, 1, '2022-05-20', 'payment', '2022-05-20 18:15:00', '2022-05-20 18:15:01'),
	(2, 1, '2022-05-22', 'pending', '2022-05-20 22:46:16', '2022-05-20 22:46:18'),
	(3, 2, '2022-05-20', 'pending', '2022-05-20 23:37:16', '2022-05-20 23:37:17');
/*!40000 ALTER TABLE `orders` ENABLE KEYS */;

-- Volcando estructura para tabla choho.order_products
CREATE TABLE IF NOT EXISTS `order_products` (
  `id` bigint(20) unsigned NOT NULL AUTO_INCREMENT,
  `order_id` bigint(20) unsigned NOT NULL,
  `product_id` bigint(20) unsigned NOT NULL,
  `quantity` decimal(7,2) NOT NULL,
  `unit_price` decimal(8,2) NOT NULL,
  `created_at` timestamp NULL DEFAULT NULL,
  `updated_at` timestamp NULL DEFAULT NULL,
  PRIMARY KEY (`id`),
  KEY `order_products_order_id_foreign` (`order_id`),
  KEY `order_products_product_id_foreign` (`product_id`),
  CONSTRAINT `order_products_order_id_foreign` FOREIGN KEY (`order_id`) REFERENCES `orders` (`id`),
  CONSTRAINT `order_products_product_id_foreign` FOREIGN KEY (`product_id`) REFERENCES `products` (`id`)
) ENGINE=InnoDB AUTO_INCREMENT=5 DEFAULT CHARSET=utf8mb4 COLLATE=utf8mb4_unicode_ci;

-- Volcando datos para la tabla choho.order_products: ~4 rows (aproximadamente)
/*!40000 ALTER TABLE `order_products` DISABLE KEYS */;
INSERT INTO `order_products` (`id`, `order_id`, `product_id`, `quantity`, `unit_price`, `created_at`, `updated_at`) VALUES
	(1, 1, 1, 2.00, 125.00, '2022-05-20 18:15:40', '2022-05-20 18:15:40'),
	(2, 1, 2, 2.00, 130.00, '2022-05-20 18:16:20', '2022-05-20 18:16:21'),
	(3, 2, 2, 1.00, 125.00, '2022-05-20 22:47:04', '2022-05-20 22:47:05'),
	(4, 3, 1, 1.00, 100.00, '2022-05-20 23:37:33', '2022-05-20 23:37:33');
/*!40000 ALTER TABLE `order_products` ENABLE KEYS */;

-- Volcando estructura para tabla choho.password_resets
CREATE TABLE IF NOT EXISTS `password_resets` (
  `email` varchar(255) COLLATE utf8mb4_unicode_ci NOT NULL,
  `token` varchar(255) COLLATE utf8mb4_unicode_ci NOT NULL,
  `created_at` timestamp NULL DEFAULT NULL,
  KEY `password_resets_email_index` (`email`)
) ENGINE=InnoDB DEFAULT CHARSET=utf8mb4 COLLATE=utf8mb4_unicode_ci;

-- Volcando datos para la tabla choho.password_resets: ~0 rows (aproximadamente)
/*!40000 ALTER TABLE `password_resets` DISABLE KEYS */;
/*!40000 ALTER TABLE `password_resets` ENABLE KEYS */;

-- Volcando estructura para tabla choho.products
CREATE TABLE IF NOT EXISTS `products` (
  `id` bigint(20) unsigned NOT NULL AUTO_INCREMENT,
  `product_type_id` bigint(20) unsigned NOT NULL,
  `name` varchar(120) COLLATE utf8mb4_unicode_ci NOT NULL,
  `unit_price` decimal(8,2) NOT NULL,
  `status` tinyint(1) NOT NULL DEFAULT '1',
  `created_at` timestamp NULL DEFAULT NULL,
  `updated_at` timestamp NULL DEFAULT NULL,
  PRIMARY KEY (`id`),
  KEY `products_product_type_id_foreign` (`product_type_id`),
  CONSTRAINT `products_product_type_id_foreign` FOREIGN KEY (`product_type_id`) REFERENCES `product_types` (`id`)
) ENGINE=InnoDB AUTO_INCREMENT=3 DEFAULT CHARSET=utf8mb4 COLLATE=utf8mb4_unicode_ci;

-- Volcando datos para la tabla choho.products: ~2 rows (aproximadamente)
/*!40000 ALTER TABLE `products` DISABLE KEYS */;
INSERT INTO `products` (`id`, `product_type_id`, `name`, `unit_price`, `status`, `created_at`, `updated_at`) VALUES
	(1, 1, 'KIT CHOHO PULSAR 200 48T/14T - 520H - 110L', 95.00, 1, '2022-05-20 17:35:37', '2022-05-20 17:35:38'),
	(2, 1, 'KIT CHOHO BOXER BM/ CT 100(6H) 42T/14T- 428H-120L', 56.00, 1, '2022-05-20 17:36:09', '2022-05-20 17:36:10');
/*!40000 ALTER TABLE `products` ENABLE KEYS */;

-- Volcando estructura para tabla choho.product_types
CREATE TABLE IF NOT EXISTS `product_types` (
  `id` bigint(20) unsigned NOT NULL AUTO_INCREMENT,
  `name` varchar(60) COLLATE utf8mb4_unicode_ci NOT NULL,
  `status` tinyint(1) NOT NULL DEFAULT '1',
  `created_at` timestamp NULL DEFAULT NULL,
  `updated_at` timestamp NULL DEFAULT NULL,
  PRIMARY KEY (`id`)
) ENGINE=InnoDB AUTO_INCREMENT=3 DEFAULT CHARSET=utf8mb4 COLLATE=utf8mb4_unicode_ci;

-- Volcando datos para la tabla choho.product_types: ~2 rows (aproximadamente)
/*!40000 ALTER TABLE `product_types` DISABLE KEYS */;
INSERT INTO `product_types` (`id`, `name`, `status`, `created_at`, `updated_at`) VALUES
	(1, 'Cadenas', 1, '2022-05-20 20:22:12', '2022-05-20 20:22:12'),
	(2, 'Pi침ones', 1, '2022-05-20 20:25:09', '2022-05-20 20:25:09');
/*!40000 ALTER TABLE `product_types` ENABLE KEYS */;

-- Volcando estructura para tabla choho.users
CREATE TABLE IF NOT EXISTS `users` (
  `id` bigint(20) unsigned NOT NULL AUTO_INCREMENT,
  `name` varchar(255) COLLATE utf8mb4_unicode_ci NOT NULL,
  `email` varchar(255) COLLATE utf8mb4_unicode_ci NOT NULL,
  `email_verified_at` timestamp NULL DEFAULT NULL,
  `password` varchar(255) COLLATE utf8mb4_unicode_ci NOT NULL,
  `remember_token` varchar(100) COLLATE utf8mb4_unicode_ci DEFAULT NULL,
  `created_at` timestamp NULL DEFAULT NULL,
  `updated_at` timestamp NULL DEFAULT NULL,
  PRIMARY KEY (`id`),
  UNIQUE KEY `users_email_unique` (`email`)
) ENGINE=InnoDB AUTO_INCREMENT=2 DEFAULT CHARSET=utf8mb4 COLLATE=utf8mb4_unicode_ci;

-- Volcando datos para la tabla choho.users: ~0 rows (aproximadamente)
/*!40000 ALTER TABLE `users` DISABLE KEYS */;
INSERT INTO `users` (`id`, `name`, `email`, `email_verified_at`, `password`, `remember_token`, `created_at`, `updated_at`) VALUES
	(1, 'Administrador', 'admin@chohoperu.com', NULL, '$2y$10$tfIlV9SDzdzHdg1PbFL29OMVnpTvIi2MYUC5a0iZy/Pjt5tPujTZS', 'unDcOt9AQfLVs5kjJWB5zfwt5NCG7m112LRAFbNtTSDgikBLDvcXrisI3YbL', '2022-05-20 16:40:18', '2022-05-20 16:40:18');
/*!40000 ALTER TABLE `users` ENABLE KEYS */;

/*!40101 SET SQL_MODE=IFNULL(@OLD_SQL_MODE, '') */;
/*!40014 SET FOREIGN_KEY_CHECKS=IFNULL(@OLD_FOREIGN_KEY_CHECKS, 1) */;
/*!40101 SET CHARACTER_SET_CLIENT=@OLD_CHARACTER_SET_CLIENT */;
/*!40111 SET SQL_NOTES=IFNULL(@OLD_SQL_NOTES, 1) */;
